Timestamp_Local,Epoch_Time_s,Seq,Valid,Calibrated,SpO2_%,HR_BPM,PI_%,Ratio_R,HR_Time_BPM,HR_FFT_BPM,Raw_Hex
2026-09-07 09:30:00.312,1788744600.313,4283,0,0,93.78,88.2,3.13,0.7050,88.3,88.1,A5 01 00 00 BB 10 00 00 A2 24 72 03 39 01 8A 1B 73 03 71 03
2026-09-07 09:30:01.482,1788744601.483,4358,0,0,93.75,87.9,3.11,0.7058,88.3,87.6,A5 01 00 00 06 11 00 00 9F 24 6F 03 37 01 92 1B 73 03 6C 03
2026-09-07 09:30:02.233,1788744602.233,4433,0,0,93.76,89.1,3.10,0.7055,88.3,89.8,A5 01 00 00 51 11 00 00 A0 24 7B 03 36 01 8F 1B 73 03 82 03
2026-09-07 09:30:03.462,1788744603.463,4508,0,0,93.77,89.1,3.13,0.7051,88.3,89.8,A5 01 00 00 9C 11 00 00 A1 24 7B 03 39 01 8B 1B 73 03 82 03
2026-09-07 09:30:04.542,1788744604.542,4583,0,0,93.75,89.1,3.09,0.7057,88.3,89.9,A5 01 00 00 E7 11 00 00 9F 24 7B 03 35 01 91 1B 73 03 83 03
2026-09-07 09:30:05.321,1788744605.322,4658,0,0,93.77,89.1,3.14,0.7051,88.3,89.9,A5 01 00 00 32 12 00 00 A1 24 7B 03 3A 01 8B 1B 73 03 83 03
2026-09-07 09:30:06.493,1788744606.493,4733,0,0,93.74,89.1,3.10,0.7060,88.3,89.9,A5 01 00 00 7D 12 00 00 9E 24 7B 03 36 01 94 1B 73 03 83 03
2026-09-07 09:30:07.242,1788744607.243,4808,0,0,93.75,89.1,3.15,0.7057,88.3,89.8,A5 01 00 00 C8 12 00 00 9F 24 7B 03 3B 01 91 1B 73 03 82 03
2026-09-07 09:30:08.412,1788744608.413,4883,0,0,93.76,87.1,3.11,0.7056,88.3,85.9,A5 01 00 00 13 13 00 00 A0 24 67 03 37 01 90 1B 73 03 5B 03
2026-09-07 09:30:09.192,1788744609.192,4958,0,0,93.72,89.1,3.15,0.7067,88.3,89.9,A5 01 00 00 5E 13 00 00 9C 24 7B 03 3B 01 9B 1B 73 03 83 03
2026-09-07 09:30:10.332,1788744610.332,5033,0,0,93.78,87.1,3.12,0.7051,88.3,85.9,A5 01 00 00 A9 13 00 00 A2 24 67 03 38 01 8B 1B 73 03 5B 03
2026-09-07 09:30:11.501,1788744611.501,5108,0,0,93.74,89.1,3.15,0.7062,88.3,89.9,A5 01 00 00 F4 13 00 00 9E 24 7B 03 3B 01 96 1B 73 03 83 03
2026-09-07 09:30:12.281,1788744612.282,5183,0,0,93.76,87.1,3.11,0.7054,88.3,85.9,A5 01 00 00 3F 14 00 00 A0 24 67 03 37 01 8E 1B 73 03 5B 03
2026-09-07 09:30:13.422,1788744613.423,5258,0,0,93.78,89.1,3.14,0.7050,88.3,89.9,A5 01 00 00 8A 14 00 00 A2 24 7B 03 3A 01 8A 1B 73 03 83 03
2026-09-07 09:30:14.202,1788744614.203,5333,0,0,93.74,87.6,3.11,0.7060,88.3,86.9,A5 01 00 00 D5 14 00 00 9E 24 6C 03 37 01 94 1B 73 03 65 03
2026-09-07 09:30:15.372,1788744615.373,5408,0,0,93.76,88.7,3.11,0.7054,88.3,89.1,A5 01 00 00 20 15 00 00 A0 24 77 03 37 01 8E 1B 73 03 7B 03
2026-09-07 09:30:16.512,1788744616.512,5483,0,0,93.73,88.6,3.12,0.7063,88.3,88.9,A5 01 00 00 6B 15 00 00 9D 24 76 03 38 01 97 1B 73 03 79 03
2026-09-07 09:30:17.293,1788744617.293,5558,0,0,93.75,89.1,3.09,0.7058,88.3,89.9,A5 01 00 00 B6 15 00 00 9F 24 7B 03 35 01 92 1B 73 03 83 03
2026-09-07 09:30:18.432,1788744618.432,5633,0,0,93.73,89.1,3.13,0.7063,88.3,89.8,A5 01 00 00 01 16 00 00 9D 24 7B 03 39 01 97 1B 73 03 82 03
2026-09-07 09:30:19.242,1788744619.242,5708,0,0,93.71,89.1,3.10,0.7068,88.3,89.9,A5 01 00 00 4C 16 00 00 9B 24 7B 03 36 01 9C 1B 73 03 83 03
2026-09-07 09:30:20.382,1788744620.383,5783,0,0,93.75,89.1,3.15,0.7058,88.3,89.9,A5 01 00 00 97 16 00 00 9F 24 7B 03 3B 01 92 1B 73 03 83 03
2026-09-07 09:30:21.192,1788744621.192,5858,0,0,93.70,87.1,3.10,0.7073,88.3,85.9,A5 01 00 00 E2 16 00 00 9A 24 67 03 36 01 A1 1B 73 03 5B 03
2026-09-07 09:30:22.301,1788744622.302,5933,0,0,93.74,89.1,3.16,0.7062,88.3,89.9,A5 01 00 00 2D 17 00 00 9E 24 7B 03 3C 01 96 1B 73 03 83 03
2026-09-07 09:30:23.502,1788744623.503,6008,0,0,93.71,87.1,3.11,0.7070,88.3,85.9,A5 01 00 00 78 17 00 00 9B 24 67 03 37 01 9E 1B 73 03 5B 03
2026-09-07 09:30:24.222,1788744624.223,6083,0,0,93.73,89.1,3.15,0.7063,88.3,89.8,A5 01 00 00 C3 17 00 00 9D 24 7B 03 3B 01 97 1B 73 03 82 03
2026-09-07 09:30:25.393,1788744625.393,6158,0,0,93.75,87.1,3.12,0.7059,88.3,85.8,A5 01 00 00 0E 18 00 00 9F 24 67 03 38 01 93 1B 73 03 5A 03
2026-09-07 09:30:26.172,1788744626.173,6233,0,0,93.73,89.1,3.14,0.7063,88.3,89.9,A5 01 00 00 59 18 00 00 9D 24 7B 03 3A 01 97 1B 73 03 83 03
2026-09-07 09:30:27.313,1788744627.313,6308,0,0,93.74,87.2,3.11,0.7060,88.3,86.1,A5 01 00 00 A4 18 00 00 9E 24 68 03 37 01 94 1B 73 03 5D 03
2026-09-07 09:30:28.482,1788744628.483,6383,0,0,93.73,88.3,3.12,0.7063,88.3,88.4,A5 01 00 00 EF 18 00 00 9D 24 73 03 38 01 97 1B 73 03 74 03
2026-09-07 09:30:29.259,1788744629.260,6458,0,0,93.69,88.2,3.11,0.7076,88.3,88.1,A5 01 00 00 3A 19 00 00 99 24 72 03 37 01 A4 1B 73 03 71 03
2026-09-07 09:30:30.402,1788744630.403,6533,0,0,93.77,89.1,3.10,0.7053,88.3,89.9,A5 01 00 00 85 19 00 00 A1 24 7B 03 36 01 8D 1B 73 03 83 03
2026-09-07 09:30:31.212,1788744631.213,6608,0,0,93.72,89.1,3.13,0.7065,88.3,89.9,A5 01 00 00 D0 19 00 00 9C 24 7B 03 39 01 99 1B 73 03 83 03
2026-09-07 09:30:32.352,1788744632.352,6683,0,0,93.73,89.1,3.09,0.7063,88.3,89.9,A5 01 00 00 1B 1A 00 00 9D 24 7B 03 35 01 97 1B 73 03 83 03
2026-09-07 09:30:33.492,1788744633.492,6758,0,0,93.70,89.1,3.14,0.7072,88.3,89.9,A5 01 00 00 66 1A 00 00 9A 24 7B 03 3A 01 A0 1B 73 03 83 03
2026-09-07 09:30:34.272,1788744634.272,6833,0,0,93.70,87.1,3.10,0.7071,88.3,85.8,A5 01 00 00 B1 1A 00 00 9A 24 67 03 36 01 9F 1B 73 03 5A 03
2026-09-07 09:30:35.412,1788744635.413,6908,0,0,93.79,89.1,3.15,0.7048,88.3,89.9,A5 01 00 00 FC 1A 00 00 A3 24 7B 03 3B 01 88 1B 73 03 83 03
2026-09-07 09:30:36.192,1788744636.192,6983,0,0,93.69,87.1,3.11,0.7074,88.3,85.9,A5 01 00 00 47 1B 00 00 99 24 67 03 37 01 A2 1B 73 03 5B 03
2026-09-07 09:30:37.392,1788744637.393,7058,0,0,93.81,89.1,3.15,0.7042,88.3,89.9,A5 01 00 00 92 1B 00 00 A5 24 7B 03 3B 01 82 1B 73 03 83 03
2026-09-07 09:30:38.113,1788744638.113,7133,0,0,93.93,87.1,3.15,0.7007,88.3,85.9,A5 01 00 00 DD 1B 00 00 B1 24 67 03 3B 01 5F 1B 73 03 5B 03
2026-09-07 09:30:39.282,1788744639.283,7208,0,0,94.05,89.1,3.18,0.6972,88.3,89.9,A5 01 00 00 28 1C 00 00 BD 24 7B 03 3E 01 3C 1B 73 03 83 03
2026-09-07 09:30:40.452,1788744640.453,7283,0,0,94.11,87.1,3.16,0.6955,88.3,85.9,A5 01 00 00 73 1C 00 00 C3 24 67 03 3C 01 2B 1B 73 03 5B 03
2026-09-07 09:30:41.202,1788744641.202,7358,0,0,94.19,87.2,3.17,0.6932,88.3,86.1,A5 01 00 00 BE 1C 00 00 CB 24 68 03 3D 01 14 1B 73 03 5D 03
2026-09-07 09:30:42.372,1788744642.372,7433,0,0,94.21,88.4,3.16,0.6926,88.3,88.6,A5 01 00 00 09 1D 00 00 CD 24 74 03 3C 01 0E 1B 73 03 76 03
2026-09-07 09:30:43.147,1788744643.147,7508,0,0,94.08,88.5,3.13,0.6965,88.3,88.8,A5 01 00 00 54 1D 00 00 C0 24 75 03 39 01 35 1B 73 03 78 03
2026-09-07 09:30:44.289,1788744644.290,7583,0,0,94.09,88.7,3.15,0.6961,88.3,89.1,A5 01 00 00 9F 1D 00 00 C1 24 77 03 3B 01 31 1B 73 03 7B 03
2026-09-07 09:30:45.458,1788744645.458,7658,0,0,93.83,89.1,3.09,0.7037,88.3,89.9,A5 01 00 00 EA 1D 00 00 A7 24 7B 03 35 01 7D 1B 73 03 83 03
2026-09-07 09:30:46.242,1788744646.243,7733,0,0,93.80,89.1,3.14,0.7044,88.3,89.9,A5 01 00 00 35 1E 00 00 A4 24 7B 03 3A 01 84 1B 73 03 83 03
2026-09-07 09:30:47.382,1788744647.383,7808,0,0,93.78,89.1,3.10,0.7051,88.3,89.9,A5 01 00 00 80 1E 00 00 A2 24 7B 03 36 01 8B 1B 73 03 83 03
2026-09-07 09:30:48.162,1788744648.162,7883,0,0,93.76,89.1,3.15,0.7056,88.3,89.9,A5 01 00 00 CB 1E 00 00 A0 24 7B 03 3B 01 90 1B 73 03 83 03
2026-09-07 09:30:49.331,1788744649.332,7958,0,0,93.77,87.1,3.11,0.7053,88.3,85.9,A5 01 00 00 16 1F 00 00 A1 24 67 03 37 01 8D 1B 73 03 5B 03
2026-09-07 09:30:50.082,1788744650.083,8033,0,0,93.75,89.1,3.15,0.7057,88.3,89.9,A5 01 00 00 61 1F 00 00 9F 24 7B 03 3B 01 91 1B 73 03 83 03
2026-09-07 09:30:51.283,1788744651.283,8108,0,0,93.79,87.1,3.12,0.7046,88.3,85.8,A5 01 00 00 AC 1F 00 00 A3 24 67 03 38 01 86 1B 73 03 5A 03
2026-09-07 09:30:52.392,1788744652.393,8183,0,0,93.78,89.1,3.15,0.7050,88.3,89.9,A5 01 00 00 F7 1F 00 00 A2 24 7B 03 3B 01 8A 1B 73 03 83 03
2026-09-07 09:30:53.172,1788744653.172,8258,0,0,93.79,87.1,3.12,0.7045,88.3,85.9,A5 01 00 00 42 20 00 00 A3 24 67 03 38 01 85 1B 73 03 5B 03
2026-09-07 09:30:54.342,1788744654.343,8333,0,0,93.84,89.1,3.14,0.7033,88.3,89.9,A5 01 00 00 8D 20 00 00 A8 24 7B 03 3A 01 79 1B 73 03 83 03
2026-09-07 09:30:55.092,1788744655.092,8408,0,0,93.82,87.3,3.11,0.7040,88.3,86.3,A5 01 00 00 D8 20 00 00 A6 24 69 03 37 01 80 1B 73 03 5F 03
2026-09-07 09:30:56.262,1788744656.263,8483,0,0,93.87,88.7,3.11,0.7025,88.3,89.1,A5 01 00 00 23 21 00 00 AB 24 77 03 37 01 71 1B 73 03 7B 03
2026-09-07 09:30:57.431,1788744657.432,8558,0,0,93.86,88.4,3.12,0.7028,88.3,88.6,A5 01 00 00 6E 21 00 00 AA 24 74 03 38 01 74 1B 73 03 76 03
2026-09-07 09:30:58.182,1788744658.183,8633,0,0,93.85,89.1,3.09,0.7031,88.3,89.9,A5 01 00 00 B9 21 00 00 A9 24 7B 03 35 01 77 1B 73 03 83 03
2026-09-07 09:30:59.352,1788744659.353,8708,0,0,93.84,89.1,3.13,0.7034,88.3,89.9,A5 01 00 00 04 22 00 00 A8 24 7B 03 39 01 7A 1B 73 03 83 03
2026-09-07 09:31:00.132,1788744660.132,8783,0,0,93.81,89.1,3.09,0.7040,88.3,89.9,A5 01 00 00 4F 22 00 00 A5 24 7B 03 35 01 80 1B 73 03 83 03
2026-09-07 09:31:01.272,1788744661.272,8858,0,0,93.86,89.1,3.15,0.7026,88.3,89.9,A5 01 00 00 9A 22 00 00 AA 24 7B 03 3B 01 72 1B 73 03 83 03
2026-09-07 09:31:02.437,1788744662.438,8933,0,0,93.81,87.1,3.10,0.7041,88.3,85.9,A5 01 00 00 E5 22 00 00 A5 24 67 03 36 01 81 1B 73 03 5B 03
2026-09-07 09:31:03.217,1788744663.218,9008,0,0,93.83,89.1,3.15,0.7036,88.3,89.9,A5 01 00 00 30 23 00 00 A7 24 7B 03 3B 01 7C 1B 73 03 83 03
2026-09-07 09:31:04.362,1788744664.362,9083,0,0,93.80,87.1,3.11,0.7043,88.3,85.9,A5 01 00 00 7B 23 00 00 A4 24 67 03 37 01 83 1B 73 03 5B 03
2026-09-07 09:31:05.142,1788744665.142,9158,0,0,93.79,89.1,3.15,0.7048,88.3,89.9,A5 01 00 00 C6 23 00 00 A3 24 7B 03 3B 01 88 1B 73 03 83 03
2026-09-07 09:31:06.282,1788744666.283,9233,0,0,93.79,87.1,3.12,0.7046,88.3,85.9,A5 01 00 00 11 24 00 00 A3 24 67 03 38 01 86 1B 73 03 5B 03
2026-09-07 09:31:07.062,1788744667.063,9308,0,0,93.73,89.1,3.14,0.7063,88.3,89.9,A5 01 00 00 5C 24 00 00 9D 24 7B 03 3A 01 97 1B 73 03 83 03
2026-09-07 09:31:08.233,1788744668.233,9383,0,0,93.77,87.1,3.11,0.7053,88.3,85.9,A5 01 00 00 A7 24 00 00 A1 24 67 03 37 01 8D 1B 73 03 5B 03
2026-09-07 09:31:09.372,1788744669.372,9458,0,0,93.71,88.2,3.12,0.7069,88.3,88.1,A5 01 00 00 F2 24 00 00 9B 24 72 03 38 01 9D 1B 73 03 71 03
2026-09-07 09:31:10.153,1788744670.153,9533,0,0,93.72,87.9,3.11,0.7067,88.3,87.6,A5 01 00 00 3D 25 00 00 9C 24 6F 03 37 01 9B 1B 73 03 6C 03
2026-09-07 09:31:11.323,1788744671.323,9608,0,0,93.78,89.1,3.10,0.7050,88.3,89.9,A5 01 00 00 88 25 00 00 A2 24 7B 03 36 01 8A 1B 73 03 83 03
2026-09-07 09:31:12.073,1788744672.074,9683,0,0,93.74,88.9,3.12,0.7061,88.3,89.6,A5 01 00 00 D3 25 00 00 9E 24 79 03 38 01 95 1B 73 03 80 03
2026-09-07 09:31:13.272,1788744673.273,9758,0,0,93.81,89.1,3.09,0.7042,88.3,89.9,A5 01 00 00 1E 26 00 00 A5 24 7B 03 35 01 82 1B 73 03 83 03
2026-09-07 09:31:14.411,1788744674.412,9833,0,0,93.73,89.1,3.14,0.7065,88.3,89.9,A5 01 00 00 69 26 00 00 9D 24 7B 03 3A 01 99 1B 73 03 83 03
2026-09-07 09:31:15.162,1788744675.163,9908,0,0,93.54,89.1,3.11,0.7118,88.3,89.9,A5 01 00 00 B4 26 00 00 8A 24 7B 03 37 01 CE 1B 73 03 83 03
2026-09-07 09:31:16.333,1788744676.333,9983,0,0,100.00,89.1,4.86,0.4698,88.3,89.9,A5 01 00 00 FF 26 00 00 10 27 7B 03 E6 01 5A 12 73 03 83 03
2026-09-07 09:31:17.113,1788744677.113,10058,0,0,100.00,142.3,23.69,0.2915,195.7,88.8,A5 01 00 00 4A 27 00 00 10 27 8F 05 41 09 63 0B A5 07 78 03
2026-09-07 09:31:18.252,1788744678.253,10133,0,0,100.00,114.2,33.95,0.3464,195.7,32.8,A5 01 00 00 95 27 00 00 10 27 76 04 43 0D 88 0D A5 07 48 01
2026-09-07 09:31:19.032,1788744679.033,10208,0,0,100.00,114.2,39.88,0.3472,195.7,32.8,A5 01 00 00 E0 27 00 00 10 27 76 04 94 0F 90 0D A5 07 48 01
2026-09-07 09:32:21.208,1788744741.209,2475,0,0,96.57,89.1,2.41,0.6200,88.3,89.9,A5 01 00 00 AB 09 00 00 B9 25 7B 03 F1 00 38 18 73 03 83 03
2026-09-07 09:32:24.193,1788744744.193,2550,0,0,96.36,89.1,2.41,0.6267,88.3,89.9,A5 01 00 00 F6 09 00 00 A4 25 7B 03 F1 00 7B 18 73 03 83 03
2026-09-07 09:32:25.391,1788744745.392,2801,0,0,96.53,89.0,2.44,0.6212,88.3,89.8,A5 01 00 00 F1 0A 00 00 B5 25 7A 03 F4 00 44 18 73 03 82 03
2026-09-07 09:32:26.562,1788744746.562,2876,0,0,96.46,86.4,2.45,0.6234,88.3,84.5,A5 01 00 00 3C 0B 00 00 AE 25 60 03 F5 00 5A 18 73 03 4D 03
2026-09-07 09:32:27.343,1788744747.343,2951,0,0,96.43,85.3,2.42,0.6244,88.3,82.4,A5 01 00 00 87 0B 00 00 AB 25 55 03 F2 00 64 18 73 03 38 03
2026-09-07 09:32:28.483,1788744748.483,3026,0,0,96.48,85.3,2.46,0.6227,88.3,82.4,A5 01 00 00 D2 0B 00 00 B0 25 55 03 F6 00 53 18 73 03 38 03
2026-09-07 09:32:29.262,1788744749.263,3101,0,0,96.24,86.1,2.39,0.6304,88.3,83.9,A5 01 00 00 1D 0C 00 00 98 25 5D 03 EF 00 A0 18 73 03 47 03
2026-09-07 09:32:30.433,1788744750.433,3176,0,0,96.31,88.3,2.44,0.6282,88.3,88.4,A5 01 00 00 68 0C 00 00 9F 25 73 03 F4 00 8A 18 73 03 74 03
2026-09-07 09:32:31.572,1788744751.573,3251,0,0,96.03,87.4,2.35,0.6371,88.3,86.5,A5 01 00 00 B3 0C 00 00 83 25 6A 03 EB 00 E3 18 73 03 61 03
2026-09-07 09:32:32.353,1788744752.353,3326,0,0,96.06,87.7,2.40,0.6359,88.3,87.1,A5 01 00 00 FE 0C 00 00 86 25 6D 03 F0 00 D7 18 73 03 67 03
2026-09-07 09:32:33.492,1788744753.493,3401,0,0,96.04,88.3,2.39,0.6368,88.3,88.4,A5 01 00 00 49 0D 00 00 84 25 73 03 EF 00 E0 18 73 03 74 03
2026-09-07 09:32:34.273,1788744754.274,3476,0,0,96.09,88.7,2.39,0.6350,88.3,89.1,A5 01 00 00 94 0D 00 00 89 25 77 03 EF 00 CE 18 73 03 7B 03
2026-09-07 09:32:35.442,1788744755.443,3551,0,0,96.00,89.0,2.40,0.6381,88.3,89.8,A5 01 00 00 DF 0D 00 00 80 25 7A 03 F0 00 ED 18 73 03 82 03
2026-09-07 09:32:36.582,1788744756.583,3626,0,0,96.05,89.0,2.38,0.6363,88.3,89.8,A5 01 00 00 2A 0E 00 00 85 25 7A 03 EE 00 DB 18 73 03 82 03
2026-09-07 09:32:37.363,1788744757.363,3701,0,0,96.78,89.0,2.51,0.6132,88.3,89.8,A5 01 00 00 75 0E 00 00 CE 25 7A 03 FB 00 F4 17 73 03 82 03
2026-09-07 09:32:38.561,1788744758.561,3776,0,0,97.49,89.0,2.58,0.5897,88.3,89.7,A5 01 00 00 C0 0E 00 00 15 26 7A 03 02 01 09 17 73 03 81 03
2026-09-07 09:32:39.282,1788744759.283,3851,0,0,98.45,89.0,2.78,0.5566,88.3,89.6,A5 01 00 00 0B 0F 00 00 75 26 7A 03 16 01 BE 15 73 03 80 03
2026-09-07 09:32:40.453,1788744760.454,3926,0,0,99.01,86.9,2.84,0.5378,88.3,85.6,A5 01 00 00 56 0F 00 00 AD 26 65 03 1C 01 02 15 73 03 58 03
2026-09-07 09:32:41.233,1788744761.233,4001,0,0,99.66,88.9,3.01,0.5150,88.3,89.6,A5 01 00 00 A1 0F 00 00 EE 26 79 03 2D 01 1E 14 73 03 80 03
2026-09-07 09:32:42.373,1788744762.373,4076,0,0,100.00,87.0,3.05,0.5023,88.3,85.7,A5 01 00 00 EC 0F 00 00 10 27 66 03 31 01 9F 13 73 03 59 03
2026-09-07 09:32:43.543,1788744763.543,4151,0,0,100.00,89.0,3.21,0.4828,88.3,89.8,A5 01 00 00 37 10 00 00 10 27 7A 03 41 01 DC 12 73 03 82 03
2026-09-07 09:32:44.293,1788744764.293,4226,0,0,100.00,87.2,3.24,0.4743,88.3,86.1,A5 01 00 00 82 10 00 00 10 27 68 03 44 01 87 12 73 03 5D 03
2026-09-07 09:32:45.462,1788744765.463,4301,0,0,100.00,87.9,3.30,0.4658,88.3,87.6,A5 01 00 00 CD 10 00 00 10 27 6F 03 4A 01 32 12 73 03 6C 03
2026-09-07 09:32:46.243,1788744766.243,4376,0,0,100.00,88.1,3.29,0.4651,88.3,87.9,A5 01 00 00 18 11 00 00 10 27 71 03 49 01 2B 12 73 03 6F 03
2026-09-07 09:32:47.383,1788744767.383,4451,0,0,100.00,88.9,3.28,0.4668,88.3,89.6,A5 01 00 00 63 11 00 00 10 27 79 03 48 01 3C 12 73 03 80 03
2026-09-07 09:32:48.553,1788744768.553,4526,0,0,100.00,89.1,3.31,0.4665,88.3,89.9,A5 01 00 00 AE 11 00 00 10 27 7B 03 4B 01 39 12 73 03 83 03
2026-09-07 09:32:49.332,1788744769.333,4601,0,0,100.00,89.1,3.28,0.4668,88.3,89.9,A5 01 00 00 F9 11 00 00 10 27 7B 03 48 01 3C 12 73 03 83 03
2026-09-07 09:32:50.473,1788744770.473,4676,0,0,100.00,89.1,3.32,0.4662,88.3,89.9,A5 01 00 00 44 12 00 00 10 27 7B 03 4C 01 36 12 73 03 83 03
2026-09-07 09:32:51.253,1788744771.253,4751,0,0,100.00,89.1,3.28,0.4664,88.3,89.9,A5 01 00 00 8F 12 00 00 10 27 7B 03 48 01 38 12 73 03 83 03
2026-09-07 09:32:52.423,1788744772.423,4826,0,0,100.00,89.1,3.33,0.4664,88.3,89.9,A5 01 00 00 DA 12 00 00 10 27 7B 03 4D 01 38 12 73 03 83 03
2026-09-07 09:32:53.173,1788744773.173,4901,0,0,100.00,87.1,3.30,0.4653,88.3,85.9,A5 01 00 00 25 13 00 00 10 27 67 03 4A 01 2D 12 73 03 5B 03
2026-09-07 09:32:54.343,1788744774.343,4976,0,0,100.00,89.1,3.34,0.4672,88.3,89.9,A5 01 00 00 70 13 00 00 10 27 7B 03 4E 01 40 12 73 03 83 03
2026-09-07 09:32:55.543,1788744775.543,5051,0,0,100.00,87.1,3.32,0.4654,88.3,85.9,A5 01 00 00 BB 13 00 00 10 27 67 03 4C 01 2E 12 73 03 5B 03
2026-09-07 09:32:56.264,1788744776.264,5126,0,0,100.00,89.1,3.34,0.4670,88.3,89.9,A5 01 00 00 06 14 00 00 10 27 7B 03 4E 01 3E 12 73 03 83 03
2026-09-07 09:32:57.433,1788744777.434,5201,0,0,100.00,87.1,3.31,0.4655,88.3,85.9,A5 01 00 00 51 14 00 00 10 27 67 03 4B 01 2F 12 73 03 5B 03
2026-09-07 09:32:58.213,1788744778.214,5276,0,0,100.00,87.6,3.33,0.4671,88.3,86.9,A5 01 00 00 9C 14 00 00 10 27 6C 03 4D 01 3F 12 73 03 65 03
2026-09-07 09:32:59.353,1788744779.354,5351,0,0,100.00,87.7,3.31,0.4662,88.3,87.1,A5 01 00 00 E7 14 00 00 10 27 6D 03 4B 01 36 12 73 03 67 03
2026-09-07 09:33:00.523,1788744780.523,5426,0,0,100.00,88.4,3.30,0.4668,88.3,88.6,A5 01 00 00 32 15 00 00 10 27 74 03 4A 01 3C 12 73 03 76 03
2026-09-07 09:33:01.272,1788744781.273,5501,0,0,100.00,88.7,3.31,0.4674,88.3,89.1,A5 01 00 00 7D 15 00 00 10 27 77 03 4B 01 42 12 73 03 7B 03
2026-09-07 09:33:02.443,1788744782.443,5576,0,0,100.00,89.1,3.29,0.4670,88.3,89.9,A5 01 00 00 C8 15 00 00 10 27 7B 03 49 01 3E 12 73 03 83 03
2026-09-07 09:33:03.224,1788744783.224,5651,0,0,100.00,89.1,3.33,0.4678,88.3,89.9,A5 01 00 00 13 16 00 00 10 27 7B 03 4D 01 46 12 73 03 83 03
2026-09-07 09:33:04.363,1788744784.363,5726,0,0,100.00,89.1,3.30,0.4667,88.3,89.9,A5 01 00 00 5E 16 00 00 10 27 7B 03 4A 01 3B 12 73 03 83 03
2026-09-07 09:33:05.533,1788744785.534,5801,0,0,100.00,89.1,3.34,0.4683,88.3,89.9,A5 01 00 00 A9 16 00 00 10 27 7B 03 4E 01 4B 12 73 03 83 03
2026-09-07 09:33:06.313,1788744786.314,5876,0,0,100.00,87.1,3.30,0.4673,88.3,85.9,A5 01 00 00 F4 16 00 00 10 27 67 03 4A 01 41 12 73 03 5B 03
2026-09-07 09:33:07.454,1788744787.454,5951,0,0,100.00,89.1,3.35,0.4685,88.3,89.9,A5 01 00 00 3F 17 00 00 10 27 7B 03 4F 01 4D 12 73 03 83 03
2026-09-07 09:33:08.233,1788744788.233,6026,0,0,100.00,87.1,3.31,0.4678,88.3,85.9,A5 01 00 00 8A 17 00 00 10 27 67 03 4B 01 46 12 73 03 5B 03
2026-09-07 09:33:09.404,1788744789.405,6101,0,0,100.00,89.1,3.35,0.4681,88.3,89.9,A5 01 00 00 D5 17 00 00 10 27 7B 03 4F 01 49 12 73 03 83 03
2026-09-07 09:33:10.152,1788744790.153,6176,0,0,100.00,87.1,3.32,0.4671,88.3,85.9,A5 01 00 00 20 18 00 00 10 27 67 03 4C 01 3F 12 73 03 5B 03
2026-09-07 09:33:11.317,1788744791.317,6251,0,0,100.00,89.1,3.35,0.4677,88.3,89.8,A5 01 00 00 6B 18 00 00 10 27 7B 03 4F 01 45 12 73 03 82 03
2026-09-07 09:33:12.463,1788744792.464,6326,0,0,100.00,87.3,3.31,0.4673,88.3,86.3,A5 01 00 00 B6 18 00 00 10 27 69 03 4B 01 41 12 73 03 5F 03
2026-09-07 09:33:13.243,1788744793.243,6401,0,0,100.00,88.2,3.32,0.4678,88.3,88.1,A5 01 00 00 01 19 00 00 10 27 72 03 4C 01 46 12 73 03 71 03
2026-09-07 09:33:14.408,1788744794.408,6476,0,0,100.00,88.2,3.32,0.4664,88.3,88.1,A5 01 00 00 4C 19 00 00 10 27 72 03 4C 01 38 12 73 03 71 03
2026-09-07 09:33:15.221,1788744795.221,6551,0,0,100.00,89.1,3.30,0.4669,88.3,89.9,A5 01 00 00 97 19 00 00 10 27 7B 03 4A 01 3D 12 73 03 83 03
2026-09-07 09:33:16.335,1788744796.335,6626,0,0,100.00,89.1,3.34,0.4666,88.3,89.9,A5 01 00 00 E2 19 00 00 10 27 7B 03 4E 01 3A 12 73 03 83 03
2026-09-07 09:33:17.504,1788744797.504,6701,0,0,100.00,89.1,3.30,0.4674,88.3,89.9,A5 01 00 00 2D 1A 00 00 10 27 7B 03 4A 01 42 12 73 03 83 03
2026-09-07 09:33:18.253,1788744798.253,6776,0,0,100.00,89.1,3.35,0.4652,88.3,89.9,A5 01 00 00 78 1A 00 00 10 27 7B 03 4F 01 2C 12 73 03 83 03
2026-09-07 09:33:19.423,1788744799.424,6851,0,0,100.00,87.1,3.31,0.4655,88.3,85.9,A5 01 00 00 C3 1A 00 00 10 27 67 03 4B 01 2F 12 73 03 5B 03
2026-09-07 09:33:20.203,1788744800.204,6926,0,0,100.00,89.1,3.36,0.4661,88.3,89.9,A5 01 00 00 0E 1B 00 00 10 27 7B 03 50 01 35 12 73 03 83 03
