File_name,flash percent,flash,ram,Code,RO_data,RW_data,ZI_data
arm_cortexM4lf_math.lib,30.660582%,127598,0,5634,121964,0,0
arm_common_tables.o,29.272184%,121820,0,0,121820,0,0
host_16bit.lib,11.176390%,46512,4174,43196,3299,17,4157
interface.o,2.050639%,8534,32,1930,6604,0,32
spo2_advanced.o,1.574143%,6551,21833,6266,284,1,21832
atts.o,1.294685%,5388,0,5248,140,0,0
gapc_task.o,0.920072%,3829,1,3564,264,1,0
smpc.o,0.835009%,3475,0,3450,25,0,0
n32wb452_ble_16bit.lib,0.786711%,3274,30,3268,0,6,24
app_ble.o,0.674736%,2808,3028,2740,0,68,2960
gapm_hci.o,0.628600%,2616,0,2336,280,0,0
gapm_task.o,0.618267%,2573,1,2364,208,1,0
gapm_util.o,0.572852%,2384,0,2384,0,0,0
app_power.o,0.532484%,2216,1046,2142,0,74,972
attm_db.o,0.530081%,2206,0,2206,0,0,0
smpc_api.o,0.482023%,2006,0,2006,0,0,0
app_ppg.o,0.460397%,1916,14640,1848,0,68,14572
ipa1322.o,0.452227%,1882,248,1762,64,56,192
gapc.o,0.446460%,1858,4,1838,16,4,0
gapc_hci.o,0.423392%,1762,0,1594,168,0,0
l2cc_pdu.o,0.419307%,1745,0,1368,377,0,0
app_record.o,0.415462%,1729,1581,1724,0,5,1576
app_task.o,0.414982%,1727,1,1574,152,1,0
arm_cfft_f32.o,0.396960%,1652,0,1652,0,0,0
app_device.o,0.386868%,1610,968,1578,12,20,948
n32wb452_qspi.o,0.371970%,1548,0,1548,0,0,0
hci_msg.o,0.360436%,1500,0,228,1272,0,0
n32wb452_rtc.o,0.352746%,1468,0,1468,0,0,0
arm_cfft_radix8_f32.o,0.350343%,1458,0,1458,0,0,0
bsp_hw_i2c.o,0.343856%,1431,11,1420,0,11,0
hci_tl.o,0.322470%,1342,24,1342,0,0,24
smpc_util.o,0.321028%,1336,0,1216,120,0,0
gattc_task.o,0.310696%,1293,1,1196,96,1,0
attm.o,0.309975%,1290,0,1290,0,0,0
timer.o,0.299402%,1246,668,1218,0,28,640
ipc.o,0.298441%,1242,0,1242,0,0,0
gattc.o,0.287387%,1196,4,1176,16,4,0
arm_fir_f32.o,0.287387%,1196,0,1196,0,0,0
n32wb452_rcc.o,0.277776%,1156,0,1092,64,0,0
gapm.o,0.265281%,1104,44,1016,88,0,44
myi2c2.o,0.243174%,1012,0,1012,0,0,0
app_sec.o,0.236446%,984,2,934,48,2,0
app_spo2.o,0.234043%,974,14012,938,0,36,13976
n32wb452_gpio.o,0.230198%,958,0,958,0,0,0
cw2015.o,0.217703%,906,12,830,64,12,0
thread.o,0.211456%,880,12,868,0,12,0
system_n32wb452.o,0.207611%,864,4,844,16,4,0
mem.o,0.206650%,860,64,828,0,32,32
l2cc.o,0.194635%,810,4,790,16,4,0
n32wb452_data_fifo.o,0.189829%,790,536,254,0,536,0
spo2.o,0.189349%,788,1840,180,0,608,1232
user_task.o,0.187427%,780,0,724,56,0,0
m_wm.l,0.179737%,748,0,684,64,0,0
nvds.o,0.177815%,740,24,736,4,0,24
sc7a20.o,0.173009%,720,4,716,0,4,0
prf.o,0.173009%,720,24,720,0,0,24
n32wb452_i2c.o,0.168684%,702,0,702,0,0,0
eif_iom.o,0.160514%,668,0,668,0,0,0
l2cc_task.o,0.151143%,629,1,564,64,1,0
hci_util.o,0.148500%,618,0,618,0,0,0
user.o,0.148500%,618,0,570,48,0,0
kservice.o,0.148019%,616,0,326,290,0,0
h4tl.o,0.144895%,603,20,598,5,0,20
ke_task.o,0.142252%,592,44,592,0,0,44
hl_test.o,0.142252%,592,56,564,0,28,28
bsp_i2c.o,0.141771%,590,0,590,0,0,0
mc_w.l,0.140330%,584,12,572,0,12,0
scheduler.o,0.138888%,578,284,550,0,28,256
object.o,0.124470%,518,100,418,0,100,0
app_packet.o,0.122548%,510,0,510,0,0,0
ke_mem.o,0.119665%,498,0,498,0,0,0
ke_timer.o,0.118703%,494,0,494,0,0,0
n32wb452_dma.o,0.118223%,492,0,492,0,0,0
arm_rfft_fast_init_f32.o,0.111975%,466,0,466,0,0,0
app.o,0.107170%,446,158,424,20,2,156
startup_n32wb452.o,0.106689%,444,5120,36,408,0,5120
n32wb452_flash.o,0.103805%,432,0,432,0,0,0
arm_rfft_fast_f32.o,0.103325%,430,0,430,0,0,0
logf.o,0.102844%,428,0,364,64,0,0
n32wb452_tim.o,0.101883%,424,0,424,0,0,0
eif_spi.o,0.098039%,408,24,408,0,0,24
bsp_power.o,0.093233%,388,0,388,0,0,0
interrupt.o,0.086985%,362,16,346,0,16,0
ble_monitor.o,0.078335%,326,6,320,0,6,0
n32wb452_bt_drv.o,0.077854%,324,0,324,0,0,0
idle.o,0.077854%,324,656,324,0,0,656
l2cc_sig.o,0.075932%,316,0,292,24,0,0
app_protocol.o,0.074971%,312,0,312,0,0,0
context_rvds.o,0.074009%,308,0,308,0,0,0
app_user.o,0.069204%,288,12,272,16,0,12
bsp_timer.o,0.068242%,284,4,280,0,4,0
clock.o,0.064638%,269,1,268,0,1,0
smpm_api.o,0.063917%,266,0,266,0,0,0
myspi2.o,0.063437%,264,0,264,0,0,0
vt2102_hal.o,0.062956%,262,0,262,0,0,0
n32wb452_spi.o,0.061034%,254,0,254,0,0,0
co_list.o,0.060073%,250,0,250,0,0,0
gapc_sig.o,0.054786%,228,0,204,24,0,0
attc.o,0.053825%,224,0,216,8,0,0
l2cm.o,0.053344%,222,12,222,0,0,12
ke_msg.o,0.052864%,220,0,220,0,0,0
n32wb452_exti.o,0.051903%,216,0,216,0,0,0
gattm.o,0.051422%,214,32,162,52,0,32
n32wb452_pwr.o,0.047097%,196,0,196,0,0,0
n32wb452_ble_api.o,0.044694%,186,16,170,0,16,0
board.o,0.044213%,184,8192,184,0,0,8192
arm_cfft_init_f32.o,0.043252%,180,0,180,0,0,0
ke_event.o,0.039408%,164,20,164,0,0,20
arm_cos_f32.o,0.036524%,152,0,152,0,0,0
clock_1.o,0.035563%,148,4,144,0,4,0
arm_const_structs.o,0.034602%,144,0,0,144,0,0
hci.o,0.034121%,142,17,126,16,0,17
cpuport.o,0.033641%,140,16,124,0,16,0
misc.o,0.031718%,132,0,132,0,0,0
ke_queue.o,0.027874%,116,0,116,0,0,0
rwip.o,0.027393%,114,3872,114,0,0,3872
irq.o,0.027153%,113,9,104,0,9,0
floorf.o,0.026913%,112,0,112,0,0,0
components.o,0.026432%,110,0,110,0,0,0
ceilf.o,0.025951%,108,0,108,0,0,0
uldiv.o,0.023548%,98,0,98,0,0,0
__dclz77c.o,0.022587%,94,0,94,0,0,0
app_main.o,0.020425%,85,1,84,0,1,0
n32wb452_bkp.o,0.020184%,84,0,84,0,0,0
ke.o,0.016340%,68,48,68,0,0,48
arm_bitreversal2.o,0.016340%,68,0,68,0,0,0
rwble_hl.o,0.014417%,60,0,60,0,0,0
sqrtf.o,0.013937%,58,0,58,0,0,0
eif_timer.o,0.013456%,56,0,56,0,0,0
printfb.o,0.012015%,50,0,50,0,0,0
funder.o,0.010092%,42,0,42,0,0,0
rand.o,0.009612%,40,4,36,0,4,0
memseta.o,0.008650%,36,0,36,0,0,0
memcpya.o,0.008650%,36,0,36,0,0,0
init.o,0.008650%,36,0,36,0,0,0
llushr.o,0.007689%,32,0,32,0,0,0
arm_fir_init_f32.o,0.007689%,32,0,32,0,0,0
n32wb452_dbg.o,0.007689%,32,0,32,0,0,0
llshl.o,0.007209%,30,0,30,0,0,0
handlers.o,0.007209%,30,0,30,0,0,0
memcmp.o,0.006248%,26,0,26,0,0,0
gattm_task.o,0.005046%,21,1,4,16,1,0
eif_flash.o,0.004806%,20,0,20,0,0,0
fputc.o,0.004325%,18,0,18,0,0,0
errno.o,0.003845%,16,4,12,0,4,0
strlen.o,0.003364%,14,0,14,0,0,0
entry9a.o,0.001922%,8,0,8,0,0,0
entry2.o,0.001922%,8,0,8,0,0,0
stdout.o,0.000961%,4,4,0,0,4,0
entry5.o,0.000961%,4,0,4,0,0,0
entry12b.o,0.000961%,4,0,4,0,0,0
